Label	Replace by
Aboagye, E.A.	Aboagye, E.A.
Abonyi, J.	Abonyi, J.
Abonyi, János	Abonyi, J.
Abonyi, Wj.	Abonyi, J.
Adonyi, R	Adonyi, R.
Adonyi, R.	Adonyi, R.
Adorna, J.A., Jr.	Adorna, J.A.
Affery, A.P.	Affery, A.P.
Affery, A.P.	Affery, A.P.
Peter Affery, A.	Affery, A.P.
Ágoston, György	Ágoston, Gy.
Ágoston, G.	Ágoston, Gy.
Alano, Vince Harvey O.	Alano, V.H.O.
Ali, R. A.	Ali, R.A.
Ali, R.A.	Ali, R.A.
Ali, RA	Ali, R.A.
Almási, D.	Almási, D.
Almsley, M.R.W.W.	Almsley, M.R.W.W.
Alwi, S.R.W.	Alwi, S.R.W.
Andiappan, V.	Andiappan, V.
Angeles, D.A.	Angeles, D.A.
Are, K.R.A.G.	Are, K.R.A.G.
Argoti, A.	Argoti, A.
Argoti, Andres	Argoti, A.
Arogo, J. I. A.	Arogo, J.I.A.
Arogo, J.I.A.	Arogo, J.I.A.
Atkins, M.J.	Atkins, M.J.
Atkins, M.J.	Atkins, M.J.
Aviso, K	Aviso, K.B.
Aviso, K.	Aviso, K.B.
Aviso, K.B.	Aviso, K.B.
Aviso, K.B.	Aviso, K.B.
Aviso, Kathleen B.	Aviso, K.B.
Aviso, Kathleen B.	Aviso, K.B.
Aviso, KB	Aviso, K.B.
Barakhtenko, EA	Barakhtenko, E.A.
Barany, M.	Barany, M.
Barany, M.	Barany, M.
Bardow, A	Bardow, A.
Bardow, A.	Bardow, A.
Bardow, André	Bardow, A.
Bartha, T.	Bartha, T.
Bartos, A.	Bartos, A.
Bartos, A.	Bartos, A.
Baumgartncr, Uj.	Baumgartner, J.
Baumgartner, J	Baumgartner, J.
Baumgartner, J.	Baumgartner, J.
Baumgartner, J.	Baumgartner, J.
Baumgartner, János	Baumgartner, J.
Belmonte, B.A.	Belmonte, B.A.
Benjamin, M.F.D.	Benjamin, M.F.D.
Benjamin, M.F.D.	Benjamin, M.F.D.
Bernini, R.	Bernini, R.
Bertok, B.	Bertók, B.
Bertok, B.	Bertók, B.
Bertók, B.	Bertók, B.
Bertók, B.	Bertók, B.
Bertók, Botond	Bertók, B.
Blazsik, Zoltan	Blazsik, Z.
Blicket, T	Blicket, T.
Boldyryev, S.	Boldyryev, S.
Boldyryev, Stanislav	Boldyryev, S.
Bondavalli, A.	Bondavalli, A.
Brendel, M. H.	Brendel, M.H.
Budapest Tech	Budapest Tech
Bukodi, Zsolt	Bukodi, Z.
Burnham, S	Burnham, S.
Cabezas, H	Cabezas, H.
Cabezas, H.	Cabezas, H.
Cabezas, H.	Cabezas, H.
Cabezas, Heriberto	Cabezas, H.
Cao, J.	Cao, J.
Cayamanda, C.	Cayamanda, C.D.
Cayamanda, C.D.	Cayamanda, C.D.
Chang, P.-T.	Chang, P.-T.
Chen, M.-T.	Chen, M.-T.
Chen, Q	Chen, Q.
Chew, L.X.	Chew, L.X.
Chin, H.H.	Chin, H.H.
Chin, HH	Chin, H.H.
Chiu, A.S.F.	Chiu, A.S.F.
Chong, D.Y.L.	Chong, D.Y.L.
Chong, Fah Keen	Chong, F.K.
Chong, K.H.	Chong, K.H.
Chong, T.L.	Chong, T.L.
Coronel, A. L. O.	Coronel, A.L.O.
Coronel, A.L.O.	Coronel, A.L.O.
CTCI Advanced Systems Inc.	CTCIInc.
CTCI Foundation	CTCIInc.
Csendes, T.	Csendes, T.
Daikin	DAIKIN
Dailey, J	Dailey, J.
Danga, A.M.R.	Danga, A.M.R.
David, A	David, A.
Demeterio, F.P.A.	Demeterio, F.P.A.
Demeterio, F.P.A., III	Demeterio, F.P.A.
Díaz-Alvarado, F.A.	Díaz-Alvarado, F.A.
Diwekar, Urmila M.	Diwekar, U.M.
Dörgõ, G.	Dörgõ, G.
Dulatre, J.C.	Dulatre, J.C.
Edeleva, OA	Edeleva, OA.
Eder, Michael	Eder, M.
Ederz, M	Eder, M.
Elektroprivreda Srbije	Elektroprivreda Serbia
Éles, A.	Éles, A.
Elnegihi, M.M.	Elnegihi, M.M.
Ercsey, Z	Ercsey, Z.
Ercsey, Z.	Ercsey, Z.
Ertl, Thomas	Ertl, T.
Evangelista, Danielle Grace	Evangelista, D.G.
Fan, L.T.	Fan, L.T.
Fan, L.T.	Fan, L.T.
Fan, Y.V.	Fan, Y.V.
Fan, Yee Van	Fan, Y.V.
Van Fan, Y	Fan, Y.V.
Van Fan, Y	Fan, Y.V.
Van Fan, Y.	Fan, Y.V.
Fehér, E.	Fehér, E.
Feng, G.	Feng, G.
Feng, Gangyi	Feng, G.
Foo, D.C.	Foo, D.C.Y.
Foo, D.C.Y.	Foo, D.C.Y.
Foo, D.C.Y.	Foo, D.C.Y.
Foo, DCY	Foo, D.C.Y.
Foo, Dominic Chwan Yee	Foo, D.C.Y.
Friedler, F	Friedler, F.
Friedler, F.	Friedler, F.
Friedler, F.	Friedler, F.
Friedler, Ferenc	Friedler, F.
Friedler, Ferenc	Friedler, F.
Frits, M.	Frits, M.
Frits, Marton	Frits, M.
Gál, I P	Gál, IP.
Galambos, G.	Galambos, G.
Ganga, D.	Ganga, D.
Garcia-Ojeda, J.C.	Garcia-Ojeda, J.C.
Garcia-Ojeda, J.C.	Garcia-Ojeda, J.C.
García-Ojeda, J.C.	Garcia-Ojeda, J.C.
García-Ojeda, J.C.	Garcia-Ojeda, J.C.
Garcia-Perez, M.	Garcia-Perez, M.
Ghani, WAWAK	Ghani, W.A.W.A.K.
Gil, I.	Gil, I.
Gonzales, V	Gonzales, V.
Gorëke, Dilara	Gorëke, D.
Grossmann, I.E.	Grossmann, I.E.
Grossmann, IE	Grossmann, I.E.
Gu, Hengchang	Gu, H.
Gu, X.	Gu, X.
Gwehenberger, G	Gwehenberger, G.
Gyenis, J	Gyenis, J.
Halasz, L.	Halász, L.
Halasz, Laszlo	Halász, L.
Halasz, Laszlo	Halász, L.
Halász, L.	Halász, L.
Halász, László	Halász, L.
Halász, László	Halász, L.
Haleem, A.A.	Haleem, A.A.
Halim, I.	Halim, I.
Halim, Iskandar	Halim, I.
Han, Y.	Han, Y.
Hangos, K.M.	Hangos, K.M.
Hangos, K.M.	Hangos, K.M.
Hashim, H.	Hassim, M.H.
Hassim, M.H.	Hassim, M.H.
He, G.	He, G.
He, Y.	He, Y.-L.
He, Y.-L.	He, Y.-L.
Heckl, I.	Heckl, I.
Heckl, I.	Heckl, I.
Heckl, István	Heckl, I.
Heckl, István	Heckl, I.
Hemmati, S.	Hemmati, S.
Hemmati, S.	Hemmati, S.
Hennen, M	Hennen, M.
Hennen, M.	Hennen, M.
Hennen, Maike	Hennen, M.
Heo, SungKy	Heo, S.
Ho, C.S.	Ho, C.S.
Ho, W.S.	Ho, W.S.
Hohn, Keith L.	Hohn, K.L.
Holló, C.	Holló, C.
Holló, Csaba	Holló, C.
Hong, B.H.	Hong, B.H.
How, B.S.	How, B.S.
How, B.S.	How, B.S.
How, Bing Shen	How, B.S.
How, Bing Shen	How, B.S.
Hu, Yicheng	Hu, Y.
Huang, Y. W.	Huang, Y.W.
Huang, Y.W.	Huang, Y.W.
Hungarian Fuzzy Association	Hungarian Fuzzy Association
Hwangbo, S.	Hwangbo, S.
Ibrahim, Liyana Nik	Ibrahim, N.N.L.N.
Ibrahim, N.N.L.N.	Ibrahim, N.N.L.N.
Ibrahim, NNLN	Ibrahim, N.N.L.N.
Institute of Control, Automation and Systems Engineers (ICASE)	ICASE
IEEE Joint Chapter of IES and RAS	IEEE
IEEE SMC Chapter	IEEE
IEEE Systems, Men, and Cybernetics Society	IEEE
Ifaei, Pouya	Ifaei, P.
Imreh, Balázs	Imreh, B.
Imreh, C.	Imreh, C.
Imreh, Csanad	Imreh, C.
Ivicz, T.	Ivicz, T.
Jamalova, Zulfiya	Jamalova, Z.
Janairo, C M J	Janairo, C.M.J.
Janairo, C.M.J.	Janairo, C.M.J.
Jennings, M.	Jennings, M.
Jia, X	Jia, X.
Jia, X.	Jia, X.
Kalauz, K.	Kalauz, K.
Kalauz, K.	Kalauz, K.
Kaldybayeva, B.M.	Kaldybayeva, B.M.
Kalotai, Levente	Kalotai, L.
Kenzhebekov, Doskhan	Kenzhebekov, D.
Kenyeres, István	Kenyeres, I.
Kett, K.-H.	Kett, K.-H.
Kettl, Karl Heinz	Kett, K.-H.
Kettl, Karl Heinz K.-H.	Kett, K.-H.
Kim, T.Y.	Kim, T.Y.
Kim, Y.	Kim, T.Y.
Kim, Y.	Kim, T.Y.
Kim, Young	Kim, T.Y.
Kirschbaum, S	Kirschbaum, S.
Klaffke, C.	Klaffke, C.
Klaffke, Carsten	Klaffke, C.
Klemes, J.	Klemeš, J.J.
Klemeš, J.	Klemeš, J.J.
Klemeš, J.	Klemeš, J.J.
Klemes, J.J.	Klemeš, J.J.
Klemeš, J.J.	Klemeš, J.J.
Klemeš, J.J.	Klemeš, J.J.
Klemeš, Jiøí Jaromír	Klemeš, J.J.
Klemes, JJ	Klemeš, J.J.
KnaufInsulation	KnaufInsulation
Kollmann, René	Kollmann, R.
Konig, E.	Konig, E.
Konig, Eva	Konig, E.
Kovács, T.	Kovács, T.
Kovacs, Z	Kovács, Z.
Kovacs, Z.	Kovács, Z.
Kovacs, Z.	Kovács, Z.
Kovács, Z.	Kovács, Z.
Kovács, Zoltan	Kovács, Z.
Kravanja, Z.	Kravanja, Z.
Kretschmer, Florian	Kretschmer, F.
Kuznetsov, M.	Kuznetsov, M.
Lakner, R.	Lakner, R.
Lakner, Rozália	Lakner, R.
Lam, H.	Lam, H.L.
Lam, H. L.	Lam, H.L.
Lam, H.L.	Lam, H.L.
Lam, H.L.	Lam, H.L.
Lam, HL	Lam, H.L.
Lam, Hon Loong	Lam, H.L.
Lam, Hon Loong	Lam, H.L.
Lao, A.R.	Lao, A.R.
Lao, Angelyn R.	Lao, A.R.
Lawrence, Kelvin Kuhanraj	Lawrence, K.K.
LCY Chemical Industry Corporation	LCY
Lee, C.H.	Lee, C.H.
Lee, C.H.	Lee, C.H.
Lee, C.T.	Lee, C.T.
Lee, Chew Tin	Lee, C.T.
Lee, D Y	Lee, D.-Y.
Lee, D.-Y.	Lee, D.-Y.
Lee, D.-Y.	Lee, D.-Y.
Lee, J.-Y.	Lee, J.-Y.
Lee, JY	Lee, J.-Y.
Lee, S	Lee, S.Y.
Lee, S Y	Lee, S.Y.
Lee, S.	Lee, S.Y.
Lee, S.Y.	Lee, S.Y.
Leong, W.D.	Leong, W.D.
Li, Jianwei	Li, J.
Li, Z.	Li, Z.
Liang, YT	Liang, Y.T.
Liew, P.Y.	Liew, P.Y.
Lim, C.H.	Lim, C.H.
Lim, C.H.	Lim, C.H.
Lim, J.S.	Lim, J.S.
Lim, J.Y.	Lim, J.Y.
Lim, J.Y.	Lim, J.Y.
Lim, Juin Yau	Lim, J.Y.
Lim, Pek Peng	Lim, P.P.
Lin, K.-P.	Lin, K.-P.
Lin, T.-Y.	Lin, T.-Y.
Lin, Y.-C.	Lin, Y.-C.
Lin, Y.-C.	Lin, Y.-C.
Lin, Yu-Chuan	Lin, Y.-C.
Ling, G.H.T.	Ling, G.H.T.
Liu, J	Liu, J.
Liu, J	Liu, J.
Liu, J.	Liu, J.
Liu, Jiahong	Liu, J.
Liu, Jiahong	Liu, J.
Liu, X	Liu, X.
Lo, S.L.Y.	Lo, S.L.Y.
Lollini, P.	Lollini, P.
Losada, J.P.	Losada, J.P.
Low, C.X.	Low, C.X.
Lucas, R.I.G.	Lucas, R.I.G.
Lü, J.	Lü, J.
Ma, Y.	Ma, Y.
Madria, V.R.	Madria, V.R.
Mah, A.X.Y.	Mah, A.X.Y.
Maier, Stephan	Maier, S.
Maier, Stephan	Maier, S.
Manan, Z.A.	Manan, Z.A.
Marfori, I.A.V., III	Marfori, I.A.V.
Martín, Mariano	Martín, M.
Martinez-Valencia, L.	Martinez-Valencia, A.L.
Martín-Hernández, Edgar	Martín-Hernández, E.
Máša, V.	Máša, V.
Mayol, A.P.	Mayol, A.P.
Mencarelli, L	Mencarelli, L.
Migo-Sumagang, Maria Victoria	Migo-Sumagang, M.V.
Miranda-Pérez, J.	Miranda-Pérez, J.
Mizsey, P.	Mizsey, P.
Montecchi, L.	Montecchi, L.
Ministry of Science and Technology (MOST)	MOSTTaiwan
Mu, P.	Mu, P.
Mu, P.	Mu, P.
Mu, Peng	Mu, P.
Muis, Z.A.	Muis, Z.A.
Nagy, A	Nagy, AB.
Nagy, A B	Nagy, AB.
Nagy, A.	Nagy, AB.
Nagy, A. B.	Nagy, AB.
Nagy, Zs.	Nagy, Zs.
Narodoslawsky, M.	Narodoslawsky, M.
Narodoslawsky, Michael	Narodoslawsky, M.
Neale, J.R.	Neale, J.R.
Nemes, T	Nemes, T.
Nemet, A.	Nemet, A.
Netolický, M.	Netolický, M.
Neugebauer, Georg	Neugebauer, G.
Ng, R.T.L.	Ng, R.T.L.
Ng, W.P.Q.	Ng, W.P.Q.
Ng, W.Y.	Ng, W.Y.
Ngan, S.L.	Ngan, S.L.
Niemetz, N	Niemetz, N.
Niemetz, Nora	Niemetz, N.
Okusa, J.	Okusa, J.
Olti, F.	Olti, F.
Ondruška, V.	Ondruška, V.
Ong, B.H.Y.	Ong, B.H.Y.
Ong, B.H.Y.	Ong, B.H.Y.
Ong, I.Y.B.	Ong, I.Y.B.
Ong, W.J.	Ong, W.J.
Orosz, A	Orosz, Á.
Orosz, A.	Orosz, Á.
Orosz, Á.	Orosz, Á.
Orosz, Á.	Orosz, Á.
Orosz, Ákos	Orosz, Á.
Orosz, Ákos	Orosz, Á.
Pagot, A	Pagot, A.
Pang, C.H.	Pang, C.H.
Park, S.	Park, S.
Park, S.B.	Park, S.B.
Park, Sunwon Seung Bin	Park, S.B.
Pereira, P.S.	Pereira, P.S.
Perry, Simon	Perry, S.
Philipp, M	Philipp, M.
Philipp, M.	Philipp, M.
Pierucci, S.	Pierucci, S.
Pimentel, J.	Pimentel, J.
Pimentel, J.	Pimentel, J.
Pimentel, Jean	Pimentel, J.
Pimentel, Jean	Pimentel, J.
Pimentel Losada, Jean	Pimentel, J.
Pinheiro Pires, A.P.	Pinheiro-Pires, A.P.
Polgár, B.	Polgár, B.
Polgár, Balázs	Polgár, B.
Pongrácz, Ferenc	Pongrácz, F.
Poon, Marcus Chinn Yoong	Poon, M.C.Y.
Povoden, G.	Povoden, G.
Premogovnik	Premogovnik
Promentilla, M.A.B.	Promentilla, M.A.B.
Promentilla, M.A.B.	Promentilla, M.A.B.
Promentilla, Michael Angelo B.	Promentilla, M.A.B.
Putra, Z.A.	Putra, Z.A.
Razon, L.F.	Razon, L.F.
Rhee, G.	Rhee, G.
Roco, Joshua Bon A.	Roco, J.B.A.
Rodríguez, G.	Rodríguez, G.
Ruiz-Mercado, Gerardo J.	Ruiz-Mercado, G.J.
Safder, Usman	Safder, U.
Sandor, Nora	Sandor, N.
Sandorz, N	Sandor, N.
Sang, Y.L.	Sang, Y.L.
Sangalang, K.P.H.	Sangalang, K.P.H.
Sangalang, K.P.H.	Sangalang, K.P.H.
Sani, N. S.	Sani, N.S.
Sani, NS	Sani, N.S.
Santos, J.R.	Santos, J.R.
Schlup, J.R.	Santos, J.R.
Schlup, John R.	Schlup, J.R.
Seib, P	Seib, P.A.
Seib, P. A.	Seib, P.A.
Seib, P.A.	Seib, P.A.
Seib, Paul A.	Seib, P.A.
Sejpes, Zoltán	Sejpes, Z.
Selényi, E.	Selényi, E.
Selényi, Endre	Selényi, E.
Seo, H	Seo, H.
Seo, H.	Seo, H.
Shafie, S	Shafie, S.
Shafie, S.	Shafie, S.
Shah, N.	Shah, N.
Shahzad, Khurram	Shahzad, K.
Shen, Margaret	Shen, M.
Shum, C.K.	Shum, C.K.
Society of Instrument and Control Engneers (SICE)	SICE
Sokolov, DV	Sokolov, D.V.
Solis, F.D.	Solis, F.D.B.
Solis, F.D.B.	Solis, F.D.B.
Song, H.	Song, H.
Srinivasan, R	Srinivasan, R.
Srinivasan, R.	Srinivasan, R.
Srinivasan, Rajagopalan	Srinivasan, R.
Stennikov, VA	Stennikov, V.A.
Stile, Z.	Stile, Z.
Stoeglehner, Gernot	Stoeglehner, G.
Sunarso, J.	Sunarso, J.
Sule, Jz.	Süle, Z.
Sule, Z	Süle, Z.
Sule, Z	Süle, Z.
Sule, Z.	Süle, Z.
Süle, Z.	Süle, Z.
Süle, Z.	Süle, Z.
Süle, Zoltán	Süle, Z.
Süle, Zoltán	Süle, Z.
Sy, C.L.	Sy, C.L.
Szlama, A.	Szlama, A.
Szlama, A.	Szlama, A.
Szlama, Adrián	Szlama, A.
Tan, H.S.	Tan, H.S.
Tan, J.X.	Tan, J.X.
Tan, J.X.	Tan, J.X.
Tan, R	Tan, R.R.
Tan, R.R.	Tan, R.R.
Tan, R.R.	Tan, R.R.
Tan, Raymond R.	Tan, R.R.
Tan, Raymond R.	Tan, R.R.
Tan, RR	Tan, R.R.
Tan, T.K.	Tan, T.K.
Tang, J.P.	Tang, J.P.
Tanzil, A.H.	Tanzil, A.H.
Tapia, John Frederick D.	Tapia, J.F.D.
Tarjan, K.	Tarján, K.
Tarján, K.	Tarján, K.
Tay, Z.X.	Tay, Z.X.
Teh, W.H.	Teh, W.H.
Teng, S.Y.	Teng, S.Y.
Tick, A	Tick, A.
Tick, J	Tick, J.
Tick, J	Tick, J.
Tick, J.	Tick, J.
Tick, J.	Tick, J.
Tick, József	Tick, J.
Tominac, Philip	Tominac, P.
Tomoz, H	Tomoz, H.
Tseng, M.-L.	Tseng, M.-L.
Tsibulsky, S.	Tsibulsky, S.
Ubando, A.T.	Ubando, A.T.
Ubando, AT	Ubando, A.T.
UNESCO Venice Office Regional Bureau Sci. Culture Europe	UNESCO
Vance, L.	Vance, L.
Vance, Leisha	Vance, L.
Varbanov, P	Varbanov, P.S.
Varbanov, P.	Varbanov, P.S.
Varbanov, P.	Varbanov, P.S.
Varbanov, P.S.	Varbanov, P.S.
Varbanov, P.S.	Varbanov, P.S.
Varbanov, Petar Sabev	Varbanov, P.S.
Varbanov, Petar Sabev	Varbanov, P.S.
Varbanov, PS	Varbanov, P.S.
Varga, J. B.	Varga, J.B.
Varga, V.	Varga, V.
Vathy-Fogarassy, A	Vathy-Fogarassy, A.
Ventura, J.-R.S.	Ventura, J.R.S.
Voll, P.	Voll, P.
Voll, Philip	Voll, P.
Walmsley, M.R.W.	Walmsley, M.R.W.
Walmsley, T.	Walmsley, T.G.
Walmsley, T.G.	Walmsley, T.G.
Walmsley, T.G.	Walmsley, T.G.
Walmsley, Timothy Gordon	Walmsley, T.G.
Wan Ab Karim Ghani, W. A.	Ghani, W.A.W.A.K.
Wang, BH	Wang, BH.
Wang, Y	Wang, Y.
Wang, Y.	Wang, Y.
Xiao, W.	Xiao, W.
Xu, Weiyu	Xu, W.
Xu, X.	Xu, X.
Yang, Y.	Yang, Y.
Yenkie, K.M.	Yenkie, K.M.
Yenkie, K.M.	Yenkie, K.M.
Yenkie, KM	Yenkie, K.M.
Yeo, J.Y.J.	Yeo, J.Y.J.
Yeoh, T.T.	Yeoh, T.T.
Yong, J.Y.	Yong, J.Y.
Yoo, C.	Yoo, C.K.
Yoo, C.K.	Yoo, C.K.
Yoo, ChangKyoo	Yoo, C.K.
Yu, K.D.	Yu, K.D.S.
Yu, K.D.S.	Yu, K.D.S.
Yun, C.	Yun, C.
Yun, C.	Yun, C.
Yun, Choamun	Yun, C.
Yusup, S.	Yusup, S.
Zachhuber, C	Zachhuber, C.
Zavala, Victor M.	Zavala, V.M.
Zhang, T	Zhang, T.
Zhang, T.	Zhang, T.
Zhang, T.	Zhang, T.
Zhang, Tengyan	Zhang, T.
Zhang, Weiqi	Zhang, W.
Zhang, Y.	Zhang, Y.
Zhu, C.	Zhu, C.
Zhu, Q.	Zhu, Q.X.
Zhu, Q.-X.	Zhu, Q.X.
Zhu, QunXiong	Zhu, Q.X.
et al.	
